{
"data":{
    "身高":180,
    "体重":75,
    "腰围":40,
    "臀围":70,
    "胸廓外形":"未见异常",
    "胸部视诊":"未见异常",
    "胸部听诊":"未见异常",
    "腹部视诊":"未见异常",
    "腹部听诊":"未见异常",
    "腹部触诊":"未见异常",
    "一般症状":"未见异常",
    "意识状态":"未见异常",
    "颅神经":"未见异常",
    "肌肉":"未见异常",
    "运动功能":"未见异常",
    "外科病史":"无",
    "颈部":"未见异常",
    "甲状腺":"未见异常",
    "浅表淋巴结":"未见异常",
    "皮肤":"未见异常",
    "脊柱":"未见异常",
    "四肢关节":"未见异常",
    "zuoluo":"0.8-1.5",
    "youluo":"0.8-1.5",
    "zuozheng":1.0,
    "youzheng":1.0,
    "sejue":"未见异常",
    "jingti":"未见异常",
    "yanjian":"未见异常",
    "qiujiemo":"未见异常",
    "jiaomo":"未见异常",
    "hongmo":"未见异常",
    "zuotingli":"未见异常",
    "youtingli":"未见异常",
    "erji":"未见异常",
    "xiujue":"未导入",
    "fei":"未见异常",
    "huxiyin":"未见异常",
    "xinshuai":"60-100",
    "xinlv":"未见异常",
    "xinyin":"未见异常",
    "zayin":"未见异常",
    "shousuoya":"120-139",
    "shuzhangya":"60-89",
    "neikebingshi":"无",
    "xinzangshizhen":"未见异常",
    "xinzangtingzhen":"未见异常",
    "xueguan":"未见异常",
    "fayu":"未见异常",
    "xinxueguan":"未见异常",
    "shenjing":"未见异常",
    "gan":"未见异常",
    "pi":"未见异常",
    "quchi":"右上7左上7",
    "cangen":"未见异常",
    "yichi":"未导入",
    "queya":"未见异常",
    "yajieshi":"未见异常",
    "yayan":"未见异常",
    "zhouyan":"未见异常",
    "yasong":"未见异常",
    "zusheng":"未见异常",
    "kouq":"未见异常",
    "guanjie":"未见异常",
    "qianghe":"未见异常",
    "quesun":"未见异常",
    "bingzhuan":"0-40",
    "caozhuan":"0-40",
    "ast":"0-40",
    "zongdan":"1.7-17.1",
    "zhidan":"0-13",
    "jiandan":"3.4-17.0",
    "zongguc":"0-5.18",
    "gysz":"0.45-1.71",
    "gaogc":"1.02-3",
    "digc":"0-3.4",
    "ppt":"3.88-6.11",
    "jigan":93,
    "niaosudan":3.14,
    "niaosuan":"未导入",
    "xuexibao":4.5,
    "xuehongdanbai":"未导入",
    "hongkuandu":15,
    "hongtiji":60,
    "hongyaji":55,
    "honghl":28,
    "hongnd":329,
    "xxb":102,
    "xxbkd":11,
    "xxbtj":8,
    "xxbbl":30.6,
    "bxb":6,
    "lxbbl":64,
    "lbxbbl":22,
    "dhxbbl":5,
    "slxbbl":2,
    "jlxbbl":0.2,
    "zlxb":3,
    "lbxb":3.2,
    "dhxb":2.28,
    "sslxb":3.28,
    "sjlxb":0.62,
    "niaoqianxue":"阴性",
    "niaobizhong":1.1,
    "niaotongti":"阴性",
    "ndy":"未导入",
    "nppt":"阴性",
    "ph":5.8,
    "ndbz":"阴性",
    "yxsy":"阴性",
    "nbxb":"阴性",
    "khxs":"阴性",
    "jjhxb":"阴性",
    "jjbxb":"阴性",
    "ndhs":"阴性",
    "jjspxb":"阴性",
    "tmgx":"阴性",
    "jj":"阴性",
    "zqlx":2,
    "xz":"未导入",
    "xb":"未导入",
    "dxg":"未导入",
    "gz":"未导入",
    "dx":"未导入",
    "yx":"未导入",
    "pz":"未导入",
    "wcd":"未导入",
    "sz":"未导入",
    "sng":"未导入",
    "pg":"未导入",
    "qlx":"未导入",
    "jnx":"未导入",
    "ssx":"未导入",
    "gw":"未导入",
    "fg":"未导入",
    "jsjm":"未导入",
    "sjg":"未导入",
    "yj":"未导入",
    "zg":"未导入",
    "lc":"未导入",
    "slg":"未导入",
    "te":"未导入",
    "jzx":"未导入",
    "rx":"未导入",
    "hxx":"未导入",
    "sx":"未导入",
    "yq":"未导入",
    "brqzz":"未导入",
    "fb":"未导入",
    "xiongb":"未导入",
    "jbdjm":"未导入",
    "szjdm":"未导入",
    "fbdxg":"未导入",
    "sblbj":"未导入",
    "qblbj":"未导入",
    "zwsj":"未导入"

}
}